RAW Title,Vendor,URL,RAW Price,Description,feature,currency,Variant 1 Name,Image 1 URL,Image 1 alt text,Image 2 URL,Image 2 alt text,Image 3 URL,Image 3 alt text,Image 4 URL,Image 4 alt text,Image 5 URL,Image 5 alt text,Image 6 URL,Image 6 alt text,Image 7 URL,Image 7 alt text,Image 8 URL,Image 8 alt text,Image 9 URL,Image 9 alt text,Image 10 URL,Image 10 alt text,Variant 2 Name,Image 2 url,Variant 3 Name,Image 3 url,Variant 4 Name,Image 4 url,Variant 5 Name,Image 5 url,Variant 6 Name,Image 6 url,Variant 7 Name,Image 7 url,Variant 8 Name,Image 8 url,Variant 9 Name,Image 9 url,Variant 10 Name,Image 10 url,Variant 11 Name,Image 11 url,Image 11 alt text,Variant 12 Name,Image 12 url,Image 12 alt text
Hilo Weekend Bag,Rains,https://www.rains.com//collections/bags/products/weekend-bag,80.0," Hilo Weekend Bag is Rains’ take on the essential overnight bag – one of three available sizes.    Hilo Weekend Bag is a clean and contemporary travel-favorite, balancing Rains’ waterproof fabric with signature straps and hardware details.   Open the coated full-length zip to find a spacious single main compartment – with plenty of room for clothing, tech and more for a work trip or a weekend getaway. Once packed, secure belongings via the silhouette’s side-mounted compression straps.    The design is finished with webbing carry handles, with comfort sleeve, and attachment rings for an included detachable shoulder strap.    Hilo Weekend Bag is cut from Rains’ signature waterproof PU fabric, engineered for carrying strength, durability, and a smooth feel. ","Waterproof signature PU fabric
Coated zip closure
Single main compartment
Side compression straps
Detachable adjustable webbing shoulder strap
Webbing carry straps with handle wrap",EUR,Drift / One Size,//www.rains.com/cdn/shop/files/Hilo_Weekend_Bag-Weekender-14200-108_Drift.jpg?v=1731924800,Rains Hilo Weekend Bag Weekender 108 Drift,//www.rains.com/cdn/shop/files/Hilo_Weekend_Bag-Weekender-14200-108_Drift-1.jpg?v=1731924801,Rains Hilo Weekend Bag Weekender 01 Black,//www.rains.com/cdn/shop/files/Hilo_Weekend_Bag-Weekender-14200-108_Drift-2.jpg?v=1731924801,Rains Hilo Weekend Bag Weekender 47 Navy,//www.rains.com/cdn/shop/files/Hilo_Weekend_Bag-Weekender-14200-3.jpg?v=1731924801,Rains Hilo Weekend Bag Weekender 03 Green,//www.rains.com/cdn/shop/files/Hilo_Weekend_Bag-Weekender-14200-108_Drift-4.png?v=1731924801,Rains Hilo Weekend Bag Weekender 24 Sand,//www.rains.com/cdn/shop/files/Hilo_Weekend_Bag-Weekender-14200-01_Black.jpg?v=1721811120,Rains Hilo Weekend Bag Weekender 13 Grey,//www.rains.com/cdn/shop/files/Hilo_Weekend_Bag-Weekender-14200-01_Black-1.jpg?v=1721811119,Rains Hilo Weekend Bag Weekender 36 Bay,//www.rains.com/cdn/shop/files/Hilo_Weekend_Bag-Weekender-14200-01_Black-2.jpg?v=1721811119,Rains Hilo Weekend Bag Weekender 37 Muse,//www.rains.com/cdn/shop/files/Hilo_Weekend_Bag-Weekender-14200-01_Black-3.jpg?v=1721811119,Rains Hilo Weekend Bag Weekender 23 Frame,//www.rains.com/cdn/shop/files/Hilo_Weekend_Bag-Weekender-14200-01_Black-4.jpg?v=1721811119,Rains Hilo Weekend Bag Weekender 63 Rust,Black / One Size,//www.rains.com/cdn/shop/files/Hilo_Weekend_Bag-Weekender-14200-01_Black.jpg?v=1721811120,Navy / One Size,//www.rains.com/cdn/shop/files/Hilo_Weekend_Bag-Weekender-14200-47_Navy-49.jpg?v=1721811216,Green / One Size,//www.rains.com/cdn/shop/files/Hilo_Weekend_Bag-Weekender-14200-03_Green-6.jpg?v=1721811140,Sand / One Size,//www.rains.com/cdn/shop/files/Hilo_Weekend_Bag-Weekender-14200-24_Sand-38.jpg?v=1721811182,Grey / One Size,//www.rains.com/cdn/shop/files/Hilo_Weekend_Bag-Weekender-14200-13_Grey-27.jpg?v=1721811161,Bay / One Size,//www.rains.com/cdn/shop/files/Hilo_Weekend_Bag-Weekender-14200-36_Bay-54.jpg?v=1722924850,Muse / One Size,//www.rains.com/cdn/shop/files/Hilo_Weekend_Bag-Weekender-14200-37_Muse-42.jpg?v=1721811355,Frame / One Size,//www.rains.com/cdn/shop/files/Hilo_Weekend_Bag-Weekender-14200-23_Frame-18.jpg?v=1721811354,Rust / One Size,//www.rains.com/cdn/shop/files/Hilo_Weekend_Bag-Weekender-14200-63_Rust-60.jpg?v=1721811356,Khaki / One Size,//www.rains.com/cdn/shop/files/Hilo_Weekend_Bag-Weekender-14200-44_Khaki-48.jpg?v=1721811354,Rains Hilo Weekend Bag Weekender 44 Khaki,Dune / One Size,//www.rains.com/cdn/shop/files/Hilo_Weekend_Bag-Weekender-14200-26_Dune-30.jpg?v=1721811354,Rains Hilo Weekend Bag Weekender 26 Dune
MSN Bag,Rains,https://www.rains.com//collections/bags/products/msn-bag,80.0," MSN Bag reinterprets the classic school backpack for city-ready wardrobes. Characterized by a minimalistic silhouette and flap with carabiner closure.   This bag features an internal laptop pocket, a spacious main compartment and finished off with snap compressions at opening and sides.    The laptop pocket fits a 15"" laptop with sleeve, making the MSN Bag a perfect computer-ready staple for everyday commutes.    MSN Bag is cut from Rains' signature PU fabric, engineered for carrying strength, durability and a smooth feel. ","Waterproof signature PU fabric
Flap with signature carabiner closure
Single main compartment
Padded pocket fits 15"" laptop
Snap compressions at opening
Sidemounted snap compression
Adjustable shoulder straps
Webbing carry handle",EUR,Black / One Size,//www.rains.com/cdn/shop/files/MSN_Bag-Backpacks-13300-44_Khaki-28.jpg?v=1721741610,Rains MSN Bag Backpacks 44 Khaki,//www.rains.com/cdn/shop/files/MSN_Bag-Backpacks-13300-44_Khaki-29.jpg?v=1721741610,Rains MSN Bag Backpacks 47 Navy,//www.rains.com/cdn/shop/files/MSN_Bag-Backpacks-13300-44_Khaki-30.jpg?v=1721741611,Rains MSN Bag Backpacks 03 Green,//www.rains.com/cdn/shop/files/MSN_Bag-Backpacks-13300-44_Khaki-31.jpg?v=1721741610,Rains MSN Bag Backpacks 24 Sand,//www.rains.com/cdn/shop/files/MSN_Bag-Backpacks-13300-32.jpg?v=1721741611,Rains MSN Bag Backpacks 13 Grey,//www.rains.com/cdn/shop/files/MSN_Bag-Backpacks-13300-44_Khaki-33.png?v=1721741611,Rains MSN Bag Backpacks 44 Khaki,//www.rains.com/cdn/shop/files/MSN_Bag-Backpacks-13300-01_Black-5.jpg?v=1721741360,Rains MSN Bag Backpacks 01 Black,//www.rains.com/cdn/shop/files/MSN_Bag-Backpacks-13300-01_Black-6.jpg?v=1721741360,Rains MSN Bag Backpacks 01 Black,//www.rains.com/cdn/shop/files/MSN_Bag-Backpacks-13300-01_Black-7.jpg?v=1721741360,Rains MSN Bag Backpacks 01 Black,//www.rains.com/cdn/shop/files/MSN_Bag-Backpacks-13300-8.jpg?v=1721741360,Rains MSN Bag Backpacks,Navy / One Size,//www.rains.com/cdn/shop/files/MSN_Bag-Backpacks-13300-47_Navy-33.jpg?v=1721741389,Green / One Size,//www.rains.com/cdn/shop/files/MSN_Bag-Backpacks-13300-03_Green-12.jpg?v=1721741360,Sand / One Size,//www.rains.com/cdn/shop/files/MSN_Bag-Backpacks-13300-24_Sand-26.jpg?v=1721741389,Grey / One Size,//www.rains.com/cdn/shop/files/MSN_Bag-Backpacks-13300-13_Grey-19.jpg?v=1721741360,Khaki / One Size,//www.rains.com/cdn/shop/files/MSN_Bag-Backpacks-13300-44_Khaki-28.jpg?v=1721741610,,,,,,,,,,,,,,
Hilo Weekend Bag Small,Rains,https://www.rains.com//collections/bags/products/weekend-bag-small,70.0," Hilo Weekend Bag Small is Rains’ take on the essential overnight bag – the smallest of three sizes.    Hilo Weekend Bag Small is a true favorite when traveling light. The design is clean and contemporary, balancing Rains’ waterproof fabric with signature strap and hardware details.    Open the coated full-length zip to find a spacious single main compartment – with room for clothing, tech and more. Once packed, secure belongings via the silhouette’s side-mounted compression straps.    The design is finished with webbing carry handles, with comfort sleeve, and attachment rings for an included detachable shoulder strap.    Hilo Weekend Bag Small is cut from Rains’ signature waterproof PU fabric, engineered for carrying strength, durability, and a smooth feel. ","Waterproof signature PU fabric
Coated zip closure
Single main compartment
Side compression straps
Detachable adjustable webbing shoulder strap
Webbing carry straps with handle wrap",EUR,Black / One Size,//www.rains.com/cdn/shop/files/Hilo_Weekend_Bag_Small-Weekender-14220-84_Black_Grain.jpg?v=1731924748,Rains Hilo Weekend Bag Small Weekender 84 Black Grain,//www.rains.com/cdn/shop/files/Hilo_Weekend_Bag_Small-Weekender-14220-84_Black_Grain-1.jpg?v=1731924747,Rains Hilo Weekend Bag Small Weekender 84 Black Grain,//www.rains.com/cdn/shop/files/Hilo_Weekend_Bag_Small-Weekender-14220-84_Black_Grain-2.jpg?v=1731924747,Rains Hilo Weekend Bag Small Weekender 47 Navy,//www.rains.com/cdn/shop/files/Hilo_Weekend_Bag_Small-Weekender-14220-3.jpg?v=1731924747,Rains Hilo Weekend Bag Small Weekender 29 Night,//www.rains.com/cdn/shop/files/Hilo_Weekend_Bag_Small-Weekender-14220-84_Black_Grain-4.png?v=1731924747,Rains Hilo Weekend Bag Small Weekender 37 Muse,//www.rains.com/cdn/shop/files/Hilo_Weekend_Bag_Small-Weekender-14220-01_Black.jpg?v=1721812874,Rains Hilo Weekend Bag Small Weekender 23 Frame,//www.rains.com/cdn/shop/files/Hilo_Weekend_Bag_Small-Weekender-14220-01_Black-1.jpg?v=1721812874,Rains Hilo Weekend Bag Small Weekender 26 Dune,//www.rains.com/cdn/shop/files/Hilo_Weekend_Bag_Small-Weekender-14220-01_Black-2.jpg?v=1721812874,Rains Hilo Weekend Bag Small Weekender 01 Black,//www.rains.com/cdn/shop/files/Hilo_Weekend_Bag_Small-Weekender-14220-01_Black-3.jpg?v=1721812874,Rains Hilo Weekend Bag Small Weekender 01 Black,//www.rains.com/cdn/shop/files/Hilo_Weekend_Bag_Small-Weekender-14220-01_Black-4.jpg?v=1721812874,Rains Hilo Weekend Bag Small Weekender,Black Grain / One Size,//www.rains.com/cdn/shop/files/Hilo_Weekend_Bag_Small-Weekender-14220-84_Black_Grain.jpg?v=1731924748,Navy / One Size,//www.rains.com/cdn/shop/files/Hilo_Weekend_Bag_Small-Weekender-14220-47_Navy-30.jpg?v=1721813181,Night / One Size,//www.rains.com/cdn/shop/files/Hilo_Weekend_Bag_Small-Weekender-14220-29_Night-22.jpg?v=1721812918,Muse / One Size,//www.rains.com/cdn/shop/files/Hilo_Weekend_Bag_Small-Weekender-14220-37_Muse-24.jpg?v=1721813181,Frame / One Size,//www.rains.com/cdn/shop/files/Hilo_Weekend_Bag_Small-Weekender-14220-23_Frame-12.jpg?v=1721813181,Dune / One Size,//www.rains.com/cdn/shop/files/Hilo_Weekend_Bag_Small-Weekender-14220-26_Dune-16.jpg?v=1721812898,,,,,,,,,,,,
Texel Duffel Bag,Rains,https://www.rains.com//collections/bags/products/duffel-bag,175.0," Texel Duffel Bag is a waterproof, high-function travel bag designed for traveling in any weather.    The Texel Duffel Bag is characterized by its tubular shape, large zip-opening for easy packing and wrap-around webbing straps.    Unzipping the main U-shaped flap reveals a large main compartment with a side mesh pocket. The flap’s underside is also equipped with two zipped mesh pockets.    Texel Duffel Bag features a concealed side pocket for passports, keys and other small essentials, a reinforced base for durability and stability, and side-mounted compression straps, helping to keep contents in place.    The Duffel can be carried in various ways via durable handle straps and adjustable padded backstraps -- both by foot and bike.   Texel Duffel Bag is cut in Rains’ signature waterproof PU fabric, engineered for carrying strength, durability, and a smooth feel. ","Waterproof signature PU fabric
Ushaped flap with zip closure
Single main compartment
Side zip pocket
Internal mesh pocket
Two underflap zipped mesh pockets
Reinforced base panel
Sidemounted compression straps
Adjustable padded backstraps
Padded carry handles",EUR,Black / One Size,//www.rains.com/cdn/shop/files/Texel_Duffel_Bag-Duffel-13490-13_Grey-18.jpg?v=1721804360,Rains Texel Duffel Bag Duffel 13 Grey,//www.rains.com/cdn/shop/files/Texel_Duffel_Bag-Duffel-13490-13_Grey-19.jpg?v=1721804361,Rains Texel Duffel Bag Duffel 03 Green,//www.rains.com/cdn/shop/files/Texel_Duffel_Bag-Duffel-13490-13_Grey-20.jpg?v=1721804360,Rains Texel Duffel Bag Duffel 13 Grey,//www.rains.com/cdn/shop/files/Texel_Duffel_Bag-Duffel-13490-13_Grey-21.jpg?v=1721804360,Rains Texel Duffel Bag Duffel 13 Grey,//www.rains.com/cdn/shop/files/Texel_Duffel_Bag-Duffel-13490-13_Grey-22.jpg?v=1721804359,Rains Texel Duffel Bag Duffel 13 Grey,//www.rains.com/cdn/shop/files/Texel_Duffel_Bag-Duffel-13490-23.jpg?v=1721804361,Rains Texel Duffel Bag Duffel,//www.rains.com/cdn/shop/files/Texel_Duffel_Bag-Duffel-13490-13_Grey-24.png?v=1721804361,Rains Texel Duffel Bag Duffel 13 Grey,//www.rains.com/cdn/shop/files/Texel_Duffel_Bag-Duffel-13490-01_Black-10.jpg?v=1721804320,Rains Texel Duffel Bag Duffel 01 Black,//www.rains.com/cdn/shop/files/Texel_Duffel_Bag-Duffel-13490-01_Black-11.jpg?v=1721804319,Rains Texel Duffel Bag Duffel 01 Black,//www.rains.com/cdn/shop/files/Texel_Duffel_Bag-Duffel-13490-01_Black-12.jpg?v=1721804319,Rains Texel Duffel Bag Duffel 01 Black,Green / One Size,//www.rains.com/cdn/shop/files/Texel_Duffel_Bag-Duffel-13490-03_Green-19.jpg?v=1721804341,Grey / One Size,//www.rains.com/cdn/shop/files/Texel_Duffel_Bag-Duffel-13490-13_Grey-18.jpg?v=1721804360,,,,,,,,,,,,,,,,,,,,
Rolltop Rucksack Large,Rains,https://www.rains.com//collections/bags/products/rolltop-rucksack-large,135.0," Rolltop Rucksack Large is a dependable city staple. The design interprets Rains' most iconic Rolltop Rucksack with larger proportions and additional functionality.   Rolltop Rucksack Large is carefully designed to keep precipitation out when traveling from point A to Z. To protect essentials from rain, fold the rolltop into a tight scroll and secure using the signature carabiner.    Open the rucksack to reveal a single main compartment. Exterior features include a side-access laptop pocket, front pocket with coated zipper and two side slip pockets.    Cycle-ready features include a front D-ring -- ideal for holding bike locks -- and a buckle-fastened chest strap for a secure ride-proof fit.   Rolltop Rucksack Large is cut from Rains' signature waterproof PU fabric, engineered for carrying strength, durability and a smooth feel. ","Waterproof signature PU fabric
Rolltop opening with snap compression and carabiner closure
Single main compartment
Front pocket with coated zip
Sideaccess slip pocket fits 16"" laptop
Two side slip pockets
Padded airmesh back panel
Adjustable compression shoulder straps
Webbing carry handle 
Adjustable chest strap",EUR,Revel / One Size,//www.rains.com/cdn/shop/files/Rolltop_Rucksack_Large-Backpacks-14590-105_Revel.jpg?v=1731924398,Rains Rolltop Rucksack Large Backpacks 105 Revel,//www.rains.com/cdn/shop/files/Rolltop_Rucksack_Large-Backpacks-14590-105_Revel-1.jpg?v=1731924397,Rains Rolltop Rucksack Large Backpacks 01 Black,//www.rains.com/cdn/shop/files/Rolltop_Rucksack_Large-Backpacks-14590-105_Revel-2.jpg?v=1731924398,Rains Rolltop Rucksack Large Backpacks 03 Green,//www.rains.com/cdn/shop/files/Rolltop_Rucksack_Large-Backpacks-14590-3.jpg?v=1731924398,Rains Rolltop Rucksack Large Backpacks 13 Grey,//www.rains.com/cdn/shop/files/Rolltop_Rucksack_Large-Backpacks-14590-105_Revel-4.png?v=1731924398,Rains Rolltop Rucksack Large Backpacks 36 Bay,//www.rains.com/cdn/shop/files/Rolltop_Rucksack_Large-Backpacks-14590-01_Black-5.jpg?v=1721827183,Rains Rolltop Rucksack Large Backpacks 01 Black,//www.rains.com/cdn/shop/files/Rolltop_Rucksack_Large-Backpacks-14590-01_Black-6.jpg?v=1721827183,Rains Rolltop Rucksack Large Backpacks 01 Black,//www.rains.com/cdn/shop/files/Rolltop_Rucksack_Large-Backpacks-14590-01_Black-7.jpg?v=1721827183,Rains Rolltop Rucksack Large Backpacks 01 Black,//www.rains.com/cdn/shop/files/Rolltop_Rucksack_Large-Backpacks-14590-01_Black-8.jpg?v=1721827184,Rains Rolltop Rucksack Large Backpacks 01 Black,//www.rains.com/cdn/shop/files/Rolltop_Rucksack_Large-Backpacks-14590-01_Black-9.jpg?v=1721827184,Rains Rolltop Rucksack Large Backpacks,Black / One Size,//www.rains.com/cdn/shop/files/Rolltop_Rucksack_Large-Backpacks-14590-01_Black-5.jpg?v=1721827183,Green / One Size,//www.rains.com/cdn/shop/files/Rolltop_Rucksack_Large-Backpacks-14590-03_Green-11.jpg?v=1721827200,Grey / One Size,//www.rains.com/cdn/shop/files/Rolltop_Rucksack_Large-Backpacks-14590-13_Grey-18.jpg?v=1721827352,Bay / One Size,//www.rains.com/cdn/shop/files/Rolltop_Rucksack_Large-Backpacks-14590-36_Bay-12.jpg?v=1721827150,,,,,,,,,,,,,,,,
Texel Tech Bag,Rains,https://www.rains.com//collections/bags/products/texel-tech-bag,135.0," Texel Tech Bag is a functional waterproof laptop bag designed for short trips and commutes.    Unzip Texel Tech Bag to reveal a main compartment with a padded sleeve for 15” laptop, plus zip and mesh pockets for easy organization. Between those pockets and the main compartment sits a large zip pocket for small tablets and notebooks.   On the outside this waterproof tech bag features various zips and prominent front utility pockets, ideal for passports, chargers, and other small items. The design is finished with webbing carry handles and a detachable shoulder strap.    A back-mounted trolley sleeve, with zip pocket, allows the bag to be slid onto telescopic trolley handles for easy transportation.*    Texel Tech Bag is cut from Rains’ signature waterproof PU fabric, engineered for carrying strength, durability, and a smooth feel.   *Sized to fit Texel Cabin Trolley and Texel Cabin Bag. May not fit trolley bags from other manufacturers. ","Waterproof signature PU fabric
Zip closure
Divided main compartment
Padded sleeve fits 15"" laptop
Internal mesh pockets, zip pocket
Front zip pockets
Detachable adjustable webbing shoulder strap
Webbing carry straps with handle wrap
Trolley sleeve with zip pocket",EUR,Black / One Size,//www.rains.com/cdn/shop/files/Texel_Tech_Bag-Laptop_bag-14250-01_Black.jpg?v=1721817280,Rains Texel Tech Bag Laptop bag 01 Black,//www.rains.com/cdn/shop/files/Texel_Tech_Bag-Laptop_bag-14250-01_Black-1.jpg?v=1721817280,Rains Texel Tech Bag Laptop bag 03 Green,//www.rains.com/cdn/shop/files/Texel_Tech_Bag-Laptop_bag-14250-01_Black-2.jpg?v=1721817280,Rains Texel Tech Bag Laptop bag 01 Black,//www.rains.com/cdn/shop/files/Texel_Tech_Bag-Laptop_bag-14250-01_Black-3_ddf28fba-d07f-489a-aed1-3d9485e3974e.jpg?v=1722330698,Rains Texel Tech Bag Laptop bag 01 Black,//www.rains.com/cdn/shop/files/Texel_Tech_Bag-Laptop_bag-14250-01_Black-4_0519f3a8-d8be-41f7-a285-7dea67ab891e.jpg?v=1722330697,Rains Texel Tech Bag Laptop bag 01 Black,//www.rains.com/cdn/shop/files/Texel_Tech_Bag-Laptop_bag-14250-01_Black-4.jpg?v=1721817280,Rains Texel Tech Bag Laptop bag,//www.rains.com/cdn/shop/files/Texel_Tech_Bag-Laptop_bag-14250-01_Black-5.jpg?v=1721817280,Rains Texel Tech Bag Laptop bag,//www.rains.com/cdn/shop/files/Texel_Tech_Bag-Laptop_bag-14250-01_Black-3.jpg?v=1721817281,Rains Texel Tech Bag Laptop bag 01 Black,//www.rains.com/cdn/shop/files/Texel_Tech_Bag-Laptop_bag-14250-01_Black-8.jpg?v=1722330698,Rains Texel Tech Bag Laptop bag 01 Black,//www.rains.com/cdn/shop/files/Texel_Tech_Bag-Laptop_bag-14250-01_Black-9.jpg?v=1722330698,Rains Texel Tech Bag Laptop bag 01 Black,Green / One Size,//www.rains.com/cdn/shop/files/Texel_Tech_Bag-Laptop_bag-14250-03_Green-7.jpg?v=1721817297,,,,,,,,,,,,,,,,,,,,,,
Book Daypack,Rains,https://www.rains.com//collections/bags/products/book-daypack,110.0," Book Daypack is a minimal silhouette in campus-ready proportions. Design is characterized by its curved top and sharp base.    This waterproof rucksack features a spacious main compartment with an internal padded pocket. Design is finished off with a large front zip pocket with easy access.   The laptop pocket fits a 15"" laptop, making the Book Daypack a computer-ready staple for campus or work.   Book Daypack is cut from Rains' signature PU fabric, engineered for carrying strength, durability and a smooth feel. ","Coated zip closure
Single main compartment
Front zip pocket
Padded pocket fits 15” laptop
Padded mesh back panel
Adjustable padded backstraps 
Webbing carry handle",EUR,Black / One Size,//www.rains.com/cdn/shop/files/Book_Daypack-Backpacks-13260-44_Khaki-24.jpg?v=1721737968,Rains Book Daypack Backpacks 44 Khaki,//www.rains.com/cdn/shop/files/Book_Daypack-Backpacks-13260-44_Khaki-25.jpg?v=1721737968,Rains Book Daypack Backpacks 47 Navy,//www.rains.com/cdn/shop/files/Book_Daypack-Backpacks-13260-44_Khaki-26.jpg?v=1721737969,Rains Book Daypack Backpacks 03 Green,//www.rains.com/cdn/shop/files/Book_Daypack-Backpacks-13260-44_Khaki-27.jpg?v=1721737968,Rains Book Daypack Backpacks 24 Sand,//www.rains.com/cdn/shop/files/Book_Daypack-Backpacks-13260-28.jpg?v=1721737971,Rains Book Daypack Backpacks 13 Grey,//www.rains.com/cdn/shop/files/Book_Daypack-Backpacks-13260-44_Khaki-29.png?v=1721737969,Rains Book Daypack Backpacks 44 Khaki,//www.rains.com/cdn/shop/files/Book_Daypack-Backpacks-13260-01_Black-5.jpg?v=1721737611,Rains Book Daypack Backpacks 01 Black,//www.rains.com/cdn/shop/files/Book_Daypack-Backpacks-13260-01_Black-6.jpg?v=1721737610,Rains Book Daypack Backpacks 01 Black,//www.rains.com/cdn/shop/files/Book_Daypack-Backpacks-13260-01_Black-7.jpg?v=1721737611,Rains Book Daypack Backpacks 01 Black,//www.rains.com/cdn/shop/files/Book_Daypack-Backpacks-13260-01_Black-8.jpg?v=1721737611,Rains Book Daypack Backpacks 01 Black,Navy / One Size,//www.rains.com/cdn/shop/files/Book_Daypack-Backpacks-13260-47_Navy-28.jpg?v=1721737672,Green / One Size,//www.rains.com/cdn/shop/files/Book_Daypack-Backpacks-13260-03_Green-10.jpg?v=1721737636,Sand / One Size,//www.rains.com/cdn/shop/files/Book_Daypack-Backpacks-13260-24_Sand-22.jpg?v=1721737672,Grey / One Size,//www.rains.com/cdn/shop/files/Book_Daypack-Backpacks-13260-13_Grey-16.jpg?v=1721737635,Khaki / One Size,//www.rains.com/cdn/shop/files/Book_Daypack-Backpacks-13260-44_Khaki-24.jpg?v=1721737968,,,,,,,,,,,,,,
Texel Tote Backpack,Rains,https://www.rains.com//collections/bags/products/texel-tote-backpack,135.0," Texel Tote Backpack is a hybrid utility bag with padded laptop sleeve designed for short travels. Design is cut from waterproof PU fabric, designed to repel rain.   Texel Tote Backpack doubles as a waterproof tote and backpack, worn via integrated padded backstraps. Unzip the bag to reveal a spacious main compartment with mesh and zip pockets and a padded laptop sleeve for 15"" laptops.    On the outside, two front utility pockets are ideal for passports, chargers, and other small items. The design is finished with webbing carry handles and side compression straps.    A back-mounted trolley sleeve, with zip pocket, allows the bag to be slid onto telescopic trolley handles for easy transportation.*    Texel Tote Backpack is cut from Rains’ signature waterproof PU fabric, engineered for carrying strength, durability, and a smooth feel.   *Sized to fit Texel Cabin Trolley and Texel Cabin Bag. May not fit trolley bags from other manufacturers. ","Waterproof signature PU fabric
Zip closure
Divided main compartment
Padded sleeve fits 15"" laptop
Internal mesh pockets and zip pocket
Front zip pockets
Webbing carry straps with handle wrap
Trolley sleeve with zip pocket",EUR,Drift / One Size,//www.rains.com/cdn/shop/files/Texel_Tote_Backpack-Backpacks-14240-108_Drift.jpg?v=1731924471,Rains Texel Tote Backpack Backpacks 108 Drift,//www.rains.com/cdn/shop/files/Texel_Tote_Backpack-Backpacks-14240-108_Drift-1.jpg?v=1731924471,Rains Texel Tote Backpack Backpacks 01 Black,//www.rains.com/cdn/shop/files/Texel_Tote_Backpack-Backpacks-14240-108_Drift-2.jpg?v=1731924470,Rains Texel Tote Backpack Backpacks 03 Green,//www.rains.com/cdn/shop/files/Texel_Tote_Backpack-Backpacks-14240-3.jpg?v=1731924471,Rains Texel Tote Backpack Backpacks 13 Grey,//www.rains.com/cdn/shop/files/Texel_Tote_Backpack-Backpacks-14240-108_Drift-4.png?v=1731924471,Rains Texel Tote Backpack Backpacks 108 Drift,//www.rains.com/cdn/shop/files/Texel_Tote_Backpack-Backpacks-14240-01_Black.jpg?v=1721816864,Rains Texel Tote Backpack Backpacks 01 Black,//www.rains.com/cdn/shop/files/Texel_Tote_Backpack-Backpacks-14240-01_Black-1.jpg?v=1721816863,Rains Texel Tote Backpack Backpacks 01 Black,//www.rains.com/cdn/shop/files/Texel_Tote_Backpack-Backpacks-14240-01_Black-2.jpg?v=1721816863,Rains Texel Tote Backpack Backpacks 01 Black,//www.rains.com/cdn/shop/files/Texel_Tote_Backpack-Backpacks-14240-01_Black-3.jpg?v=1721816864,Rains Texel Tote Backpack Backpacks 01 Black,//www.rains.com/cdn/shop/files/Texel_Tote_Backpack-Backpacks-14240-01_Black-4.jpg?v=1721816864,Rains Texel Tote Backpack Backpacks,Black / One Size,//www.rains.com/cdn/shop/files/Texel_Tote_Backpack-Backpacks-14240-01_Black.jpg?v=1721816864,Green / One Size,//www.rains.com/cdn/shop/files/Texel_Tote_Backpack-Backpacks-14240-03_Green-8.jpg?v=1721816888,Grey / One Size,//www.rains.com/cdn/shop/files/Texel_Tote_Backpack-Backpacks-14240-13_Grey.jpg?v=1721816908,,,,,,,,,,,,,,,,,,
Texel Duffel Bag Small,Rains,https://www.rains.com//collections/bags/products/duffel-bag-small,135.0," Texel Duffel Bag Small is a high-function silhouette designed for commutes and traveling in any weather.    The Texel Duffel Bag Small is characterized by its tubular shape, large zip-opening for easy packing and wrap-around webbing straps.    Unzipping the U-shaped flap reveals a large main compartment with a side mesh pocket. The flap’s underside is also equipped with two zipped mesh pockets.    Texel Duffel Bag Small features a concealed side pocket for passports, keys and other small essentials, a reinforced base for durability and stability, and side-mounted compression straps, helping to keep contents in place.    The duffel can be carried in various ways via durable handle straps and adjustable padded backstraps -- both by foot and bike.   Texel Duffel Bag Small is cut from Rains’ signature waterproof PU fabric, engineered for carrying strength, durability, and a smooth feel. ","Waterproof signature PU fabric
Ushaped flap with zip closure
Single main compartment
Side zip pocket
Internal mesh pocket
Two underflap zipped mesh pockets
Reinforced base panel
Sidemounted compression straps
Adjustable padded backstraps
Padded carry handles",EUR,Black / One Size,//www.rains.com/cdn/shop/files/Texel_Duffel_Bag_Small-Duffel-13480-63_Rust-37.jpg?v=1722325265,Rains Texel Duffel Bag Small Duffel 63 Rust,//www.rains.com/cdn/shop/files/Texel_Duffel_Bag_Small-Duffel-13480-63_Rust-38.jpg?v=1722325265,Rains Texel Duffel Bag Small Duffel 03 Green,//www.rains.com/cdn/shop/files/Texel_Duffel_Bag_Small-Duffel-13480-63_Rust-39.jpg?v=1722325265,Rains Texel Duffel Bag Small Duffel 13 Grey,//www.rains.com/cdn/shop/files/Texel_Duffel_Bag_Small-Duffel-13480-63_Rust-40.jpg?v=1722325265,Rains Texel Duffel Bag Small Duffel 63 Rust,//www.rains.com/cdn/shop/files/Texel_Duffel_Bag_Small-Duffel-13480-63_Rust-41.jpg?v=1722325265,Rains Texel Duffel Bag Small Duffel 63 Rust,//www.rains.com/cdn/shop/files/Texel_Duffel_Bag_Small-Duffel-13480-36.jpg?v=1721803865,Rains Texel Duffel Bag Small Duffel,//www.rains.com/cdn/shop/files/Texel_Duffel_Bag_Small-Duffel-13480-63_Rust-43.png?v=1722325265,Rains Texel Duffel Bag Small Duffel 63 Rust,//www.rains.com/cdn/shop/files/Texel_Duffel_Bag_Small-Duffel-13480-01_Black-11.jpg?v=1721803267,Rains Texel Duffel Bag Small Duffel 01 Black,//www.rains.com/cdn/shop/files/Texel_Duffel_Bag_Small-Duffel-13480-01_Black-12.jpg?v=1721803266,Rains Texel Duffel Bag Small Duffel 01 Black,//www.rains.com/cdn/shop/files/Texel_Duffel_Bag_Small-Duffel-13480-01_Black-13.jpg?v=1721803267,Rains Texel Duffel Bag Small Duffel 01 Black,Green / One Size,//www.rains.com/cdn/shop/files/Texel_Duffel_Bag_Small-Duffel-13480-03_Green-21.jpg?v=1721803324,Grey / One Size,//www.rains.com/cdn/shop/files/Texel_Duffel_Bag_Small-Duffel-13480-13_Grey-20.jpg?v=1721804003,Rust / One Size,//www.rains.com/cdn/shop/files/Texel_Duffel_Bag_Small-Duffel-13480-63_Rust-37.jpg?v=1722325265,,,,,,,,,,,,,,,,,,
Trail Cargo Backpack,Rains,https://www.rains.com//collections/bags/products/trail-cargo-backpack,135.0," Trail Cargo Backpack is a take on the classic Trail Backpack, offering lots of features, functional details and outside pockets.    The Trail Cargo Backpack features an internal laptop pocket, a spacious main compartment and two square front zip pockets, providing plenty of storage space.    This design leans into the sports-utility mood of the Trail family. The laptop pocket fits a 15"" laptop, making the Trail Cargo Backpack a perfect computer-ready staple.    Trail Cargo Backpack is cut from Rains' signature PU fabric, engineered for carrying strength, durability and a smooth feel. ","Waterproof signature PU fabric
Coated zip closure
Single main compartment
Two front zip pockets
Padded pocket fits 15"" laptop
Padded mesh back panel
Two compression straps with buckles at sides
Webbing carry handle
Adjustable padded shoulder straps
Adjustable chest strap",EUR,Black / One Size,//www.rains.com/cdn/shop/files/Trail_Cargo_Backpack-Backpacks-14330-36_Bay-26.jpg?v=1721820524,Rains Trail Cargo Backpack Backpacks 36 Bay,//www.rains.com/cdn/shop/files/Trail_Cargo_Backpack-Backpacks-14330-36_Bay-27.jpg?v=1721820524,Rains Trail Cargo Backpack Backpacks 03 Green,//www.rains.com/cdn/shop/files/Trail_Cargo_Backpack-Backpacks-14330-36_Bay-28.jpg?v=1721820524,Rains Trail Cargo Backpack Backpacks 13 Grey,//www.rains.com/cdn/shop/files/Trail_Cargo_Backpack-Backpacks-14330-36_Bay-29.jpg?v=1721820524,Rains Trail Cargo Backpack Backpacks 36 Bay,//www.rains.com/cdn/shop/files/Trail_Cargo_Backpack-Backpacks-14330-30.jpg?v=1721820525,Rains Trail Cargo Backpack Backpacks 23 Frame,//www.rains.com/cdn/shop/files/Trail_Cargo_Backpack-Backpacks-14330-36_Bay-31.png?v=1721820525,Rains Trail Cargo Backpack Backpacks 36 Bay,//www.rains.com/cdn/shop/files/Trail_Cargo_Backpack-Backpacks-14330-01_Black.jpg?v=1721820178,Rains Trail Cargo Backpack Backpacks 01 Black,//www.rains.com/cdn/shop/files/Trail_Cargo_Backpack-Backpacks-14330-01_Black-1.jpg?v=1721820177,Rains Trail Cargo Backpack Backpacks 01 Black,//www.rains.com/cdn/shop/files/Trail_Cargo_Backpack-Backpacks-14330-01_Black-2.jpg?v=1721820179,Rains Trail Cargo Backpack Backpacks 01 Black,//www.rains.com/cdn/shop/files/Trail_Cargo_Backpack-Backpacks-14330-01_Black-3.jpg?v=1721820179,Rains Trail Cargo Backpack Backpacks,Green / One Size,//www.rains.com/cdn/shop/files/Trail_Cargo_Backpack-Backpacks-14330-03_Green-6.jpg?v=1721820195,Grey / One Size,//www.rains.com/cdn/shop/files/Trail_Cargo_Backpack-Backpacks-14330-13_Grey-13.jpg?v=1721820214,Bay / One Size,//www.rains.com/cdn/shop/files/Trail_Cargo_Backpack-Backpacks-14330-36_Bay-26.jpg?v=1721820524,Frame / One Size,//www.rains.com/cdn/shop/files/Trail_Cargo_Backpack-Backpacks-14330-23_Frame-20.jpg?v=1721820524,,,,,,,,,,,,,,,,
Trail Gym Bag,Rains,https://www.rains.com//collections/bags/products/gym-bag,95.0," Trail Gym Bag is designed for sporting demands, yet can double as mid-sized bag for short getaways. Characterized by a boxy silhouette and sporty details.   This waterproof bag opens up to a spacious main compartment via a coated zipper. Features include a front zip pocket and side mesh pocket for external storage.    This design leans into the sports-utility mood of the Trail family. It is finished with webbing carry handles and a detachable shoulder strap for various carrying options.   Trail Gym Bag is cut from Rains' signature PU fabric, engineered for carrying strength, durability and a smooth feel. ","Waterproof signature PU fabric
Coated tonal zip closure
Single main compartment
Front zip pocket
Side mesh pocket
Carry straps with handle wrap
Detachable, adjustable shoulder strap",EUR,Black / One Size,//www.rains.com/cdn/shop/files/Trail_Gym_Bag-Weekender-14380-44_Khaki-14.jpg?v=1721823766,Rains Trail Gym Bag Weekender 44 Khaki,//www.rains.com/cdn/shop/files/Trail_Gym_Bag-Weekender-14380-44_Khaki-15.jpg?v=1721823766,Rains Trail Gym Bag Weekender 03 Green,//www.rains.com/cdn/shop/files/Trail_Gym_Bag-Weekender-14380-44_Khaki-16.jpg?v=1721823767,Rains Trail Gym Bag Weekender 44 Khaki,//www.rains.com/cdn/shop/files/Trail_Gym_Bag-Weekender-14380-44_Khaki-17.jpg?v=1721823766,Rains Trail Gym Bag Weekender 44 Khaki,//www.rains.com/cdn/shop/files/Trail_Gym_Bag-Weekender-14380-18.jpg?v=1721823768,Rains Trail Gym Bag Weekender,//www.rains.com/cdn/shop/files/Trail_Gym_Bag-Weekender-14380-44_Khaki-19.png?v=1721823767,Rains Trail Gym Bag Weekender 44 Khaki,//www.rains.com/cdn/shop/files/Trail_Gym_Bag-Weekender-14380-01_Black.jpg?v=1721823666,Rains Trail Gym Bag Weekender 01 Black,//www.rains.com/cdn/shop/files/Trail_Gym_Bag-Weekender-14380-01_Black-1.jpg?v=1721823666,Rains Trail Gym Bag Weekender 01 Black,//www.rains.com/cdn/shop/files/Trail_Gym_Bag-Weekender-14380-01_Black-2.jpg?v=1721823666,Rains Trail Gym Bag Weekender 01 Black,//www.rains.com/cdn/shop/files/Trail_Gym_Bag-Weekender-14380-01_Black-3.jpg?v=1721823666,Rains Trail Gym Bag Weekender 01 Black,Green / One Size,//www.rains.com/cdn/shop/files/Trail_Gym_Bag-Weekender-14380-03_Green-7.jpg?v=1721823684,Khaki / One Size,//www.rains.com/cdn/shop/files/Trail_Gym_Bag-Weekender-14380-44_Khaki-14.jpg?v=1721823766,,,,,,,,,,,,,,,,,,,,
Hilo Weekend Bag Large,Rains,https://www.rains.com//collections/bags/products/weekend-bag-large,110.0," Hilo Weekend Bag Large is Rains’ take on the essential overnight bag – the largest of three sizes.    Hilo Weekend Bag is a spacious, clean and contemporary travel bag, perfect for a weekend getaway. The design is balancing Rains’ waterproof fabric with signature straps and hardware details.    Open the coated full-length zip to find a large single main compartment. It holds plenty of space for clothing, tech and more. Once packed, secure belongings via the silhouette’s side-mounted compression straps.    The design is finished with webbing carry handles, with comfort sleeve, and attachment rings for an included detachable shoulder strap.    Hilo Weekend Bag Large is cut from Rains’ signature waterproof PU fabric, engineered for carrying strength, durability, and a smooth feel. ","Waterproof signature PU fabric
Coated zip closure
Single main compartment
Side compression straps
Detachable adjustable webbing shoulder strap
Webbing carry straps with handle wrap",EUR,Black / One Size,//www.rains.com/cdn/shop/files/Hilo_Weekend_Bag_Large-Weekender-14210-23_Frame-12.jpg?v=1722322760,Rains Hilo Weekend Bag Large Weekender 23 Frame,//www.rains.com/cdn/shop/files/Hilo_Weekend_Bag_Large-Weekender-14210-23_Frame-13.jpg?v=1722322760,Rains Hilo Weekend Bag Large Weekender 24 Sand,//www.rains.com/cdn/shop/files/Hilo_Weekend_Bag_Large-Weekender-14210-23_Frame-14.jpg?v=1722322760,Rains Hilo Weekend Bag Large Weekender 23 Frame,//www.rains.com/cdn/shop/files/Hilo_Weekend_Bag_Large-Weekender-14210-23_Frame-15.jpg?v=1722322759,Rains Hilo Weekend Bag Large Weekender 23 Frame,//www.rains.com/cdn/shop/files/Hilo_Weekend_Bag_Large-Weekender-14210-16.jpg?v=1722322760,Rains Hilo Weekend Bag Large Weekender,//www.rains.com/cdn/shop/files/Hilo_Weekend_Bag_Large-Weekender-14210-23_Frame-17.png?v=1722322760,Rains Hilo Weekend Bag Large Weekender 23 Frame,//www.rains.com/cdn/shop/files/Hilo_Weekend_Bag_Large-Weekender-14210-01_Black-5.jpg?v=1721812361,Rains Hilo Weekend Bag Large Weekender 01 Black,//www.rains.com/cdn/shop/files/Hilo_Weekend_Bag_Large-Weekender-14210-01_Black-6.jpg?v=1721812360,Rains Hilo Weekend Bag Large Weekender 01 Black,//www.rains.com/cdn/shop/files/Hilo_Weekend_Bag_Large-Weekender-14210-01_Black-7.jpg?v=1721812361,Rains Hilo Weekend Bag Large Weekender 01 Black,//www.rains.com/cdn/shop/files/Hilo_Weekend_Bag_Large-Weekender-14210-01_Black-8.jpg?v=1721812361,Rains Hilo Weekend Bag Large Weekender 01 Black,Sand / One Size,//www.rains.com/cdn/shop/files/Hilo_Weekend_Bag_Large-Weekender-14210-24_Sand-11.jpg?v=1721812381,Frame / One Size,//www.rains.com/cdn/shop/files/Hilo_Weekend_Bag_Large-Weekender-14210-23_Frame-12.jpg?v=1722322760,,,,,,,,,,,,,,,,,,,,
Tote Bag Mini,Rains,https://www.rains.com//collections/bags/products/tote-bag-mini,70.0," Tote Bag Mini is a waterproof tote perfect for shopping, commutes or the office. Characterized by an elevated utility-look and functional details.    The full-length coated zip reveals a spacious main compartment for everyday essentials.   Designed to meet your carry-needs, Tote Bag Mini offers various carrying options through its detachable shoulder strap and long hand/shoulder handles. Carry handles feature attachment rings for small items like keys.   Tote Bag Mini is cut from Rains' signature PU fabric, engineered for carrying strength, durability and a smooth feel. ","Waterproof signature PU fabric
Coated tonal zip closure
Single main compartment
Long hand/shoulder webbing handles with attachment ring
Detachable webbing shoulder strap",EUR,Revel / One Size,//www.rains.com/cdn/shop/files/Tote_Bag_Mini-Tote-14160-105_Revel.jpg?v=1731924421,Rains Tote Bag Mini Tote 105 Revel,//www.rains.com/cdn/shop/files/Tote_Bag_Mini-Tote-14160-105_Revel-1.jpg?v=1731924420,Rains Tote Bag Mini Tote 108 Drift,//www.rains.com/cdn/shop/files/Tote_Bag_Mini-Tote-14160-105_Revel-2.jpg?v=1731924421,Rains Tote Bag Mini Tote 01 Black,//www.rains.com/cdn/shop/files/Tote_Bag_Mini-Tote-14160-3.jpg?v=1731924420,Rains Tote Bag Mini Tote 03 Green,//www.rains.com/cdn/shop/files/Tote_Bag_Mini-Tote-14160-105_Revel-4.png?v=1731924421,Rains Tote Bag Mini Tote 24 Sand,//www.rains.com/cdn/shop/files/Tote_Bag_Mini-Tote-14160-01_Black.jpg?v=1721807989,Rains Tote Bag Mini Tote 29 Night,//www.rains.com/cdn/shop/files/Tote_Bag_Mini-Tote-14160-01_Black-1.jpg?v=1721807989,Rains Tote Bag Mini Tote 36 Bay,//www.rains.com/cdn/shop/files/Tote_Bag_Mini-Tote-14160-01_Black-2.jpg?v=1721807989,Rains Tote Bag Mini Tote 23 Frame,//www.rains.com/cdn/shop/files/Tote_Bag_Mini-Tote-14160-01_Black-3.jpg?v=1721807989,Rains Tote Bag Mini Tote 63 Rust,//www.rains.com/cdn/shop/files/Tote_Bag_Mini-Tote-14160-01_Black-4.jpg?v=1721807990,Rains Tote Bag Mini Tote 44 Khaki,Drift / One Size,//www.rains.com/cdn/shop/files/Tote_Bag_Mini-Tote-14160-108_Drift-17.jpg?v=1731924421,Black / One Size,//www.rains.com/cdn/shop/files/Tote_Bag_Mini-Tote-14160-01_Black.jpg?v=1721807989,Green / One Size,//www.rains.com/cdn/shop/files/Tote_Bag_Mini-Tote-14160-03_Green-6.jpg?v=1721808010,Sand / One Size,//www.rains.com/cdn/shop/files/Tote_Bag_Mini-Tote-14160-24_Sand-27.jpg?v=1721808034,Night / One Size,//www.rains.com/cdn/shop/files/Tote_Bag_Mini-Tote-14160-29_Night-33.jpg?v=1721808055,Bay / One Size,//www.rains.com/cdn/shop/files/Tote_Bag_Mini-Tote-14160-36_Bay-42.jpg?v=1722925507,Frame / One Size,//www.rains.com/cdn/shop/files/Tote_Bag_Mini-Tote-14160-23_Frame-12.jpg?v=1721808479,Rust / One Size,//www.rains.com/cdn/shop/files/Tote_Bag_Mini-Tote-14160-63_Rust-48.jpg?v=1721808480,Khaki / One Size,//www.rains.com/cdn/shop/files/Tote_Bag_Mini-Tote-14160-44_Khaki-42.jpg?v=1721808479,Dune / One Size,//www.rains.com/cdn/shop/files/Tote_Bag_Mini-Tote-14160-26_Dune-24.jpg?v=1721808478,Rains Tote Bag Mini Tote 26 Dune,,,
Puffed Backpack Micro,Rains,https://www.rains.com//collections/bags/products/puffed-backpack-micro,99.9," Puffed Backpack Micro features a heavily puffed exterior with carabiner closure. It’s cut from waterproof PU fabric, designed to repel rain.    This clean and elevated micro backpack is characterized by its heavily puffed look, slick stitch details, squared shape and flap with central strap and carabiner closure.    Features include a main compartment with a slip pocket for valuables and a concealed external phone pocket for easy access on the go. Design is finished with adjustable backstraps.    The size is minimal, yet just big enough to fit all necessities and even fits a 11” laptop in the inner pocket.   Puffed Backpack Micro is cut from Rains’ signature waterproof PU fabric, engineered for carrying strength, durability and a smooth feel. ","Waterproof signature PU fabric
Flap with magnet snap fastenings and carabiner closure
Single main compartment with a slip pocket
Pocket fits 11"" laptop
Adjustable backstrap",EUR,Black / One Size,//www.rains.com/cdn/shop/files/Puffed_Backpack_Micro-Backpacks-21750-26_Dune-12.jpg?v=1722862590,Rains Puffed Backpack Micro Backpacks 26 Dune,//www.rains.com/cdn/shop/files/Puffed_Backpack_Micro-Backpacks-21750-26_Dune-13.jpg?v=1722862590,Rains Puffed Backpack Micro Backpacks 37 Muse,//www.rains.com/cdn/shop/files/Puffed_Backpack_Micro-Backpacks-21750-26_Dune-14.jpg?v=1722862590,Rains Puffed Backpack Micro Backpacks 23 Frame,//www.rains.com/cdn/shop/files/Puffed_Backpack_Micro-Backpacks-21750-26_Dune-15.jpg?v=1722862590,Rains Puffed Backpack Micro Backpacks 26 Dune,//www.rains.com/cdn/shop/files/Puffed_Backpack_Micro-Backpacks-21750-16.jpg?v=1722862590,Rains Puffed Backpack Micro Backpacks,//www.rains.com/cdn/shop/files/Puffed_Backpack_Micro-Backpacks-21750-26_Dune-17.png?v=1722862590,Rains Puffed Backpack Micro Backpacks 26 Dune,//www.rains.com/cdn/shop/files/Puffed_Backpack_Micro-Backpacks-21750-01_Black-6.jpg?v=1722925659,Rains Puffed Backpack Micro Backpacks 01 Black,//www.rains.com/cdn/shop/files/Puffed_Backpack_Micro-Backpacks-21750-01_Black-7.jpg?v=1722925659,Rains Puffed Backpack Micro Backpacks 01 Black,//www.rains.com/cdn/shop/files/Puffed_Backpack_Micro-Backpacks-21750-01_Black-8.jpg?v=1722925659,Rains Puffed Backpack Micro Backpacks 01 Black,//www.rains.com/cdn/shop/files/Puffed_Backpack_Micro-Backpacks-21750-01_Black-9.jpg?v=1722925659,Rains Puffed Backpack Micro Backpacks 01 Black,Muse / One Size,//www.rains.com/cdn/shop/files/Puffed_Backpack_Micro-Backpacks-21750-37_Muse-18.jpg?v=1718872100,Frame / One Size,//www.rains.com/cdn/shop/files/Puffed_Backpack_Micro-Backpacks-21750-23_Frame.jpg?v=1722925659,Dune / One Size,//www.rains.com/cdn/shop/files/Puffed_Backpack_Micro-Backpacks-21750-26_Dune-12.jpg?v=1722862590,,,,,,,,,,,,,,,,,,
Puffed Backpack Mini,Rains,https://www.rains.com//collections/bags/products/puffed-backpack-mini,109.0," Puffed Backpack Mini features a heavily puffed exterior with carabiner closure. It’s cut from waterproof PU fabric, designed to repel rain.    This clean, yet elevated mini backpack is characterized by its heavily puffed look, slick stitch details, flap and central strap with carabiner closure.    Features include a main compartment with a slip pocket for valuables and a concealed external phone pocket for easy access on the go. Design is finished with adjustable backstraps.    The pocket fits a 13” laptop, making this waterproof backpack a perfect computer-ready staple for commuting on bike or by foot.    Puffed Backpack Mini is cut from Rains’ signature waterproof PU fabric, engineered for carrying strength, durability and a smooth feel. ","Waterproof signature PU fabric
Flap with magnet snap fastenings and carabiner closure
Single main compartment with a slip pocket
External zip pocket 
Pocket fits 13"" laptop
Adjustable backstraps",EUR,Black / One Size,//www.rains.com/cdn/shop/files/Puffed_Backpack_Mini-Backpacks-21740-37_Muse-12.jpg?v=1722245475,Rains Puffed Backpack Mini Backpacks 37 Muse,//www.rains.com/cdn/shop/files/Puffed_Backpack_Mini-Backpacks-21740-37_Muse-13.jpg?v=1722245475,Rains Puffed Backpack Mini Backpacks 37 Muse,//www.rains.com/cdn/shop/files/Puffed_Backpack_Mini-Backpacks-21740-37_Muse-14.jpg?v=1722245475,Rains Puffed Backpack Mini Backpacks 26 Dune,//www.rains.com/cdn/shop/files/Puffed_Backpack_Mini-Backpacks-21740-37_Muse-15.jpg?v=1722245475,Rains Puffed Backpack Mini Backpacks 37 Muse,//www.rains.com/cdn/shop/files/Puffed_Backpack_Mini-Backpacks-21740-16.jpg?v=1722245475,Rains Puffed Backpack Mini Backpacks,//www.rains.com/cdn/shop/files/Puffed_Backpack_Mini-Backpacks-21740-37_Muse-17.png?v=1722245475,Rains Puffed Backpack Mini Backpacks 37 Muse,//www.rains.com/cdn/shop/files/Puffed_Backpack_Mini-Backpacks-21740-01_Black-6.jpg?v=1722245475,Rains Puffed Backpack Mini Backpacks 01 Black,//www.rains.com/cdn/shop/files/Puffed_Backpack_Mini-Backpacks-21740-01_Black-7.jpg?v=1722409021,Rains Puffed Backpack Mini Backpacks 01 Black,//www.rains.com/cdn/shop/files/Puffed_Backpack_Mini-Backpacks-21740-01_Black-8.jpg?v=1722409021,Rains Puffed Backpack Mini Backpacks 01 Black,//www.rains.com/cdn/shop/files/Puffed_Backpack_Mini-Backpacks-21740-01_Black-9.jpg?v=1722409021,Rains Puffed Backpack Mini Backpacks 01 Black,Muse / One Size,//www.rains.com/cdn/shop/files/Puffed_Backpack_Mini-Backpacks-21740-37_Muse-12.jpg?v=1722245475,Dune / One Size,//www.rains.com/cdn/shop/files/Puffed_Backpack_Mini-Backpacks-21740-26_Dune.jpg?v=1722409021,,,,,,,,,,,,,,,,,,,,
Shield Rucksack,Rains,https://www.rains.com//collections/bags/products/shield-rucksack,99.9," Shield Rucksack is a clean and functional backpack. The design interprets Rains' iconic puffer chambers in structured waterproof PU fabric.   Shield Rucksack is a dependable companion for daily commutes in all weathers. To protect essentials and tech from rain, secure the opening using the signature carabiner closure.   Open the rucksack to reveal a spacious main compartment with a flat laptop pocket that fits a 15” laptop.   Shield Rucksack is cut from Rains’ signature waterproof PU fabric, engineered for carrying strength, durability and a smooth feel. ","Waterproof signature PU fabric
Opening with snap compression and carabiner closure
Single main compartment
Flat laptop pocket fits 15” laptop
Adjustable backstraps",EUR,Black / One Size,//www.rains.com/cdn/shop/files/Shield_Rucksack-Backpacks-14940-26_Dune-12.jpg?v=1722240891,Rains Shield Rucksack Backpacks 26 Dune,//www.rains.com/cdn/shop/files/Shield_Rucksack-Backpacks-14940-26_Dune-13.jpg?v=1722240891,Rains Shield Rucksack Backpacks 03 Green,//www.rains.com/cdn/shop/files/Shield_Rucksack-Backpacks-14940-26_Dune-14.jpg?v=1722240891,Rains Shield Rucksack Backpacks 26 Dune,//www.rains.com/cdn/shop/files/Shield_Rucksack-Backpacks-14940-26_Dune-15.jpg?v=1722240891,Rains Shield Rucksack Backpacks 26 Dune,//www.rains.com/cdn/shop/files/Shield_Rucksack-Backpacks-14940-16.jpg?v=1722240891,Rains Shield Rucksack Backpacks,//www.rains.com/cdn/shop/files/Shield_Rucksack-Backpacks-14940-26_Dune-17.png?v=1722240891,Rains Shield Rucksack Backpacks 26 Dune,//www.rains.com/cdn/shop/files/Shield_Rucksack-Backpacks-14940-01_Black-6.jpg?v=1722240891,Rains Shield Rucksack Backpacks 01 Black,//www.rains.com/cdn/shop/files/Shield_Rucksack-Backpacks-14940-01_Black-7.jpg?v=1722409388,Rains Shield Rucksack Backpacks 01 Black,//www.rains.com/cdn/shop/files/Shield_Rucksack-Backpacks-14940-01_Black-8.jpg?v=1722409388,Rains Shield Rucksack Backpacks 01 Black,//www.rains.com/cdn/shop/files/Shield_Rucksack-Backpacks-14940-01_Black-9.jpg?v=1722409388,Rains Shield Rucksack Backpacks 01 Black,Green / One Size,//www.rains.com/cdn/shop/files/Shield_Rucksack-Backpacks-14940-03_Green.jpg?v=1722409388,Dune / One Size,//www.rains.com/cdn/shop/files/Shield_Rucksack-Backpacks-14940-26_Dune-12.jpg?v=1722240891,,,,,,,,,,,,,,,,,,,,
Book Daypack Mini,Rains,https://www.rains.com//collections/bags/products/book-daypack-mini,99.9," Book Daypack Mini is a compact version of Rains’ Book Daypack. Wear the monostrap as a sling over the shoulder or as an oversized bum bag.    Book Daypack Mini is a clean, compact design characterized by fun, yet technical features that offer multiple uses.   Wear it cross body as a sling bag over the shoulder with the adjustable monostrap, or clip it around the waist as an oversized bum bag. Perfectly designed for carrying smaller essentials day to day or when traveling.    The design has a curved top, coated zip closures and front zip pocket. Open Book Daypack Mini to reveal a main compartment with an internal slip pocket. This style is finished with a webbing carry handle and padded mesh panels on the back for breathable comfort.    Book Daypack Mini is cut from Rains’ signature waterproof PU fabric, engineered for carrying strength, durability and a smooth feel. ","Waterproof signature PU fabric
Coated zip closure
Single main compartment
Front zip pocket
Internal slip pocket
Padded mesh back panel
Adjustable sling bag monostrap 
Quickrelease buckle closure
Webbing carry handle",EUR,Black / One Size,//www.rains.com/cdn/shop/files/Book_Daypack_Mini-Backpacks-13690-24_Sand.jpg?v=1718868373,Rains Book Daypack Mini Backpacks 24 Sand,//www.rains.com/cdn/shop/files/Book_Daypack_Mini-Backpacks-13690-24_Sand-1.jpg?v=1718868373,Rains Book Daypack Mini Backpacks 24 Sand,//www.rains.com/cdn/shop/files/Book_Daypack_Mini-Backpacks-13690-24_Sand-2.jpg?v=1718868373,Rains Book Daypack Mini Backpacks 24 Sand,//www.rains.com/cdn/shop/files/Book_Daypack_Mini-Backpacks-13690-24_Sand-3.jpg?v=1718868373,Rains Book Daypack Mini Backpacks 24 Sand,//www.rains.com/cdn/shop/files/Book_Daypack_Mini-Backpacks-13690-4.jpg?v=1718868373,Rains Book Daypack Mini Backpacks,//www.rains.com/cdn/shop/files/Book_Daypack_Mini-Backpacks-13690-24_Sand-5.png?v=1718868373,Rains Book Daypack Mini Backpacks 24 Sand,//www.rains.com/cdn/shop/files/Book_Daypack_Mini-Backpacks-13690-01_Black-6.jpg?v=1718868373,Rains Book Daypack Mini Backpacks 01 Black,//www.rains.com/cdn/shop/files/Book_Daypack_Mini-Backpacks-13690-01_Black-7.jpg?v=1718868373,Rains Book Daypack Mini Backpacks 01 Black,//www.rains.com/cdn/shop/files/Book_Daypack_Mini-Backpacks-13690-01_Black-8.jpg?v=1718868373,Rains Book Daypack Mini Backpacks 01 Black,//www.rains.com/cdn/shop/files/Book_Daypack_Mini-Backpacks-13690-01_Black-9.jpg?v=1718868373,Rains Book Daypack Mini Backpacks 01 Black,Sand / One Size,//www.rains.com/cdn/shop/files/Book_Daypack_Mini-Backpacks-13690-24_Sand.jpg?v=1718868373,,,,,,,,,,,,,,,,,,,,,,
Book Daypack Large,Rains,https://www.rains.com//collections/bags/products/book-daypack-large,119.0," Book Daypack Large is characterized by its roomy size, perfect for carrying larger tech. It’s cut in waterproof PU fabric, designed to repel rain.   Book Daypack Large is a clean, ever-contemporary and waterproof backpack. The sleek design holds space for it all with a large main compartment that includes a padded laptop pocket. A zipped front pocket provides storage space for smaller essentials with easy access.    Book Daypack Large features a carrying handle on top, breathable mesh panel on the back and adjustable backstraps for comfort. The padded pocket fits a 16” laptop making this waterproof design a perfect tech-ready staple for commuting on bike or by foot.    Design is cut from Rains’ signature waterproof PU fabric, engineered for carrying strength, durability and a smooth feel. ","Waterproof signature PU fabric
Coated zip closure
Spacious main compartment
Front zip pocket
Padded pocket fits 16” laptop
Padded mesh back panel
Adjustable padded backstraps
Webbing carry handle",EUR,Black / One Size,//www.rains.com/cdn/shop/files/Book_Daypack_Large-Backpacks-13680-13_Grey.jpg?v=1722844159,Rains Book Daypack Large Backpacks 13 Grey,//www.rains.com/cdn/shop/files/Book_Daypack_Large-Backpacks-13680-13_Grey-1.jpg?v=1722844159,Rains Book Daypack Large Backpacks 47 Navy,//www.rains.com/cdn/shop/files/Book_Daypack_Large-Backpacks-13680-13_Grey-2.jpg?v=1722844159,Rains Book Daypack Large Backpacks 03 Green,//www.rains.com/cdn/shop/files/Book_Daypack_Large-Backpacks-13680-13_Grey-3.jpg?v=1722844159,Rains Book Daypack Large Backpacks 13 Grey,//www.rains.com/cdn/shop/files/Book_Daypack_Large-Backpacks-13680-4.jpg?v=1722844159,Rains Book Daypack Large Backpacks,//www.rains.com/cdn/shop/files/Book_Daypack_Large-Backpacks-13680-13_Grey-5.png?v=1722844159,Rains Book Daypack Large Backpacks 13 Grey,//www.rains.com/cdn/shop/files/Book_Daypack_Large-Backpacks-13680-01_Black-6.jpg?v=1722844159,Rains Book Daypack Large Backpacks 01 Black,//www.rains.com/cdn/shop/files/Book_Daypack_Large-Backpacks-13680-01_Black-7.jpg?v=1722925692,Rains Book Daypack Large Backpacks 01 Black,//www.rains.com/cdn/shop/files/Book_Daypack_Large-Backpacks-13680-01_Black-8.jpg?v=1722925692,Rains Book Daypack Large Backpacks 01 Black,//www.rains.com/cdn/shop/files/Book_Daypack_Large-Backpacks-13680-01_Black-9.jpg?v=1722925692,Rains Book Daypack Large Backpacks 01 Black,Navy / One Size,//www.rains.com/cdn/shop/files/Book_Daypack_Large-Backpacks-13680-47_Navy-18.jpg?v=1718868333,Green / One Size,//www.rains.com/cdn/shop/files/Book_Daypack_Large-Backpacks-13680-03_Green-12.jpg?v=1722925692,Grey / One Size,//www.rains.com/cdn/shop/files/Book_Daypack_Large-Backpacks-13680-13_Grey.jpg?v=1722844159,,,,,,,,,,,,,,,,,,
Sibu Weekend Bag,Rains,https://www.rains.com//collections/bags/products/sibu-weekend-bag,139.0," Sibu Weekend Bag is a light and compact travel-favorite. It’s cut from durable nylon-ripstop and coated for all-weather protection.   Sibu Weekend Bag is designed with intention, keeping its weight low and practicality high. This weekend bag is characterized by a compact, yet spacious main compartment with a smaller mesh pocket for loose essentials. In need of more space -- just unclip the carabiners on the side to expand the volume of the bag.   Externally, the design is fitted with sturdy webbing storage loops, a key loop with snap hook and a zipped pocket at the front. Sibu Weekend Bag can be carried in the removable crossbody strap or in the carry handles.    Sibu Weekend Bag is cut from technical nylon-ripstop fabric finished with a water-repellent TPU coating. The design is sleek and lightweight with great durability. ","Waterrepellent coated nylonripstop
Coated zip closure
Single main compartment
Front zipped pocket
Internal mesh pocket
Hanging key loop with snap hook
Adjustable crossbody strap
Padded shoulder rest for strap
Carry handles, shaped for comfort",EUR,Black / One Size,//www.rains.com/cdn/shop/files/Sibu_Weekend_Bag-Weekender-13080-01_Black.jpg?v=1718868519,Rains Sibu Weekend Bag Weekender 01 Black,//www.rains.com/cdn/shop/files/Sibu_Weekend_Bag-Weekender-13080-01_Black-1.jpg?v=1718868519,Rains Sibu Weekend Bag Weekender 01 Black,//www.rains.com/cdn/shop/files/Sibu_Weekend_Bag-Weekender-13080-01_Black-2.jpg?v=1718868519,Rains Sibu Weekend Bag Weekender 01 Black,//www.rains.com/cdn/shop/files/Sibu_Weekend_Bag-Weekender-13080-01_Black-3.jpg?v=1718868519,Rains Sibu Weekend Bag Weekender 01 Black,//www.rains.com/cdn/shop/files/Sibu_Weekend_Bag-Weekender-13080-01_Black-4.jpg?v=1718868519,Rains Sibu Weekend Bag Weekender 01 Black,//www.rains.com/cdn/shop/files/Sibu_Weekend_Bag-Weekender-13080-01_Black-5.png?v=1718868519,Rains Sibu Weekend Bag Weekender 01 Black,,,,,,,,,,,,,,,,,,,,,,,,,,,,,,,,
Texel Moulded Backpack,Rains,https://www.rains.com//collections/bags/products/texel-moulded-backpack,169.0," Texel Moulded Backpack is a sturdy travel-companion. Design is proportioned to house full-size tech safely behind a moulded front.    Texel Moulded Backpack is a waterproof utility bag that taps into the demands of daily commutes and traveling. The silhouette is characterized by a folded top with extra wide opening and a moulded front pocket.   This high-performing backpack can accommodate two laptops at once -- one in the hard front pocket with soft lining and one in the internal compartment, both fit 16"" laptops. Features also include multiple pockets inside, a concealed zip pocket on the backside and drink storage on the sides.   Texel Moulded Backpack features a trolley slip pocket making it slide seamlessly over telescopic trolley handles for easy transportation. Compression straps keep contents firmly in place.    Texel Moulded Backpack is cut from Rains’ signature waterproof PU fabric, engineered for carrying strength, durability, and a smooth feel. Design is lined in our core grey colour to make finding and organizing easier even in dim light. ","Waterproof signature PU fabric
Folded top with zip for extra wide opening
Signature front webbing closure
Hard front compartment with microfiber lining, fits 16” laptop
Internal laptop pocket, fits 16” laptop
Concealed zip pocket on backside with key hanger
Key loop with snap hook inside pocket
Drink storage pockets on both sides
Compression straps at sides
Padded adjustable shoulder straps with chest fitting
Top handle
Trolley slip pocket (compatible with standard rolling luggages)
Padded mesh back panel",EUR,Black / One Size,//www.rains.com/cdn/shop/files/Texel_Moulded_Backpack-Backpacks-13430-63_Rust.jpg?v=1722844141,Rains Texel Moulded Backpack Backpacks 63 Rust,//www.rains.com/cdn/shop/files/Texel_Moulded_Backpack-Backpacks-13430-63_Rust-1.jpg?v=1722844141,Rains Texel Moulded Backpack Backpacks 03 Green,//www.rains.com/cdn/shop/files/Texel_Moulded_Backpack-Backpacks-13430-63_Rust-2.jpg?v=1722844141,Rains Texel Moulded Backpack Backpacks 63 Rust,//www.rains.com/cdn/shop/files/Texel_Moulded_Backpack-Backpacks-13430-63_Rust-3.jpg?v=1722844141,Rains Texel Moulded Backpack Backpacks 63 Rust,//www.rains.com/cdn/shop/files/Texel_Moulded_Backpack-Backpacks-13430-4_86c5a537-3723-4f2c-a076-c0f3c76e3172.jpg?v=1722844141,Rains Texel Moulded Backpack Backpacks,//www.rains.com/cdn/shop/files/Texel_Moulded_Backpack-Backpacks-13430-4.jpg?v=1722844141,Rains Texel Moulded Backpack Backpacks,//www.rains.com/cdn/shop/files/Texel_Moulded_Backpack-Backpacks-13430-6.jpg?v=1722844141,Rains Texel Moulded Backpack Backpacks,//www.rains.com/cdn/shop/files/Texel_Moulded_Backpack-Backpacks-13430-7.jpg?v=1722844141,Rains Texel Moulded Backpack Backpacks,//www.rains.com/cdn/shop/files/Texel_Moulded_Backpack-Backpacks-13430-8.jpg?v=1722844141,Rains Texel Moulded Backpack Backpacks,//www.rains.com/cdn/shop/files/Texel_Moulded_Backpack-Backpacks-13430-63_Rust-5.png?v=1722844141,Rains Texel Moulded Backpack Backpacks 63 Rust,Green / One Size,//www.rains.com/cdn/shop/files/Texel_Moulded_Backpack-Backpacks-13430-03_Green-12.jpg?v=1722844141,Rust / One Size,//www.rains.com/cdn/shop/files/Texel_Moulded_Backpack-Backpacks-13430-63_Rust.jpg?v=1722844141,,,,,,,,,,,,,,,,,,,,
Texel Crossbody Bag,Rains,https://www.rains.com//collections/bags/products/texel-crossbody-bag,95.0," Texel Crossbody Bag is a waterproof bag designed with multiple zip pockets for daily essentials.    Texel Crossbody Bag has a utility feel, underlined by its strap details and external side pocket, perfect for small items like phones and keys. The main compartment holds zip and mesh pockets for easy organization.    The waterproof bag is finished with a webbing adjustable shoulder strap and base-mounted storage straps, ideal for holding a light jacket, umbrella or water bottle.    Texel Crossbody Bag is carefully designed for traveling, even if that's just a daily commute. A back-mounted trolley sleeve, with zip pocket, allows the bag to be slid onto telescopic trolley handles for easy transportation.*    The design is cut from Rains’ signature waterproof PU fabric, engineered for carrying strength, durability, and a smooth feel.   *Sized to fit Texel Cabin Trolley and Texel Cabin Bag. May not fit trolley bags from other manufacturers. ","Waterproof signature PU fabric
Zip closure
Divided main compartment
Internal mesh pocket and zip pocket 
Side zip pocket
Adjustable webbing shoulder strap
Basemounted storage straps
Trolley sleeve with zip pocket",EUR,Black / One Size,//www.rains.com/cdn/shop/files/Texel_Crossbody_Bag-Crossbody-14260-63_Rust-15.jpg?v=1721817681,Rains Texel Crossbody Bag Crossbody 63 Rust,//www.rains.com/cdn/shop/files/Texel_Crossbody_Bag-Crossbody-14260-63_Rust-16.jpg?v=1721817681,Rains Texel Crossbody Bag Crossbody 03 Green,//www.rains.com/cdn/shop/files/Texel_Crossbody_Bag-Crossbody-14260-63_Rust-17.jpg?v=1721817681,Rains Texel Crossbody Bag Crossbody 13 Grey,//www.rains.com/cdn/shop/files/Texel_Crossbody_Bag-Crossbody-14260-63_Rust-18.jpg?v=1721817681,Rains Texel Crossbody Bag Crossbody 63 Rust,//www.rains.com/cdn/shop/files/Texel_Crossbody_Bag-Crossbody-14260-63_Rust-19.jpg?v=1721817681,Rains Texel Crossbody Bag Crossbody 63 Rust,//www.rains.com/cdn/shop/files/Texel_Crossbody_Bag-Crossbody-14260-63_Rust-20.png?v=1721817681,Rains Texel Crossbody Bag Crossbody 63 Rust,//www.rains.com/cdn/shop/files/Texel_Crossbody_Bag-Crossbody-14260-01_Black-5.jpg?v=1721817594,Rains Texel Crossbody Bag Crossbody 01 Black,//www.rains.com/cdn/shop/files/Texel_Crossbody_Bag-Crossbody-14260-01_Black-6.jpg?v=1721817594,Rains Texel Crossbody Bag Crossbody 01 Black,//www.rains.com/cdn/shop/files/Texel_Crossbody_Bag-Crossbody-14260-01_Black-7.jpg?v=1721817593,Rains Texel Crossbody Bag Crossbody 01 Black,//www.rains.com/cdn/shop/files/Texel_Crossbody_Bag-Crossbody-14260-01_Black-9_8716ce94-a9d0-4540-954e-8c9775540534.jpg?v=1722330036,Rains Texel Crossbody Bag Crossbody 01 Black,Green / One Size,//www.rains.com/cdn/shop/files/Texel_Crossbody_Bag-Crossbody-14260-03_Green-11.jpg?v=1721817612,Grey / One Size,//www.rains.com/cdn/shop/files/Texel_Crossbody_Bag-Crossbody-14260-13_Grey-12.jpg?v=1721817678,Rust / One Size,//www.rains.com/cdn/shop/files/Texel_Crossbody_Bag-Crossbody-14260-63_Rust-15.jpg?v=1721817681,,,,,,,,,,,,,,,,,,
Trail Rolltop Backpack,Rains,https://www.rains.com//collections/bags/products/trail-rolltop-backpack,120.0," Trail Rolltop Backpack is a sporty city staple, perfect for commutes on bike or foot.    Trail Rolltop Backpack is characterized by a convenient rolltop opening. To protect essentials from rain, fold the rolltop into a tight scroll and secure using the snap compressions.   This design leans into the sports-utility mood of the Trail family. It is detailed with an internal padded pocket and a front zip pocket for easy access. Finished off with a buckle-fastened chest strap for a secure ride-proof fit.   Trail Rolltop Backpack is cut from Rains' signature PU fabric, engineered for carrying strength, durability and a smooth feel. ","Waterproof signature PU fabric
Rolltop opening with snap compression
Single main compartment
Front pocket with coated zip
Internal padded pocket
Sidemounted webbing straps with buckle closures
Padded airmesh back panel
Webbing carry handle
Adjustable padded shoulder straps
Adjustable chest strap",EUR,Black / One Size,//www.rains.com/cdn/shop/files/Trail_Rolltop_Backpack-Backpacks-14320-44_Khaki-27.jpg?v=1721819589,Rains Trail Rolltop Backpack Backpacks 44 Khaki,//www.rains.com/cdn/shop/files/Trail_Rolltop_Backpack-Backpacks-14320-44_Khaki-28.jpg?v=1721819589,Rains Trail Rolltop Backpack Backpacks 03 Green,//www.rains.com/cdn/shop/files/Trail_Rolltop_Backpack-Backpacks-14320-44_Khaki-29.jpg?v=1721819589,Rains Trail Rolltop Backpack Backpacks 13 Grey,//www.rains.com/cdn/shop/files/Trail_Rolltop_Backpack-Backpacks-14320-44_Khaki-30.jpg?v=1721819589,Rains Trail Rolltop Backpack Backpacks 36 Bay,//www.rains.com/cdn/shop/files/Trail_Rolltop_Backpack-Backpacks-14320-31.jpg?v=1721819590,Rains Trail Rolltop Backpack Backpacks 44 Khaki,//www.rains.com/cdn/shop/files/Trail_Rolltop_Backpack-Backpacks-14320-44_Khaki-32.png?v=1721819590,Rains Trail Rolltop Backpack Backpacks 44 Khaki,//www.rains.com/cdn/shop/files/Trail_Rolltop_Backpack-Backpacks-14320-01_Black.jpg?v=1721819122,Rains Trail Rolltop Backpack Backpacks 01 Black,//www.rains.com/cdn/shop/files/Trail_Rolltop_Backpack-Backpacks-14320-01_Black-1.jpg?v=1721819123,Rains Trail Rolltop Backpack Backpacks 01 Black,//www.rains.com/cdn/shop/files/Trail_Rolltop_Backpack-Backpacks-14320-01_Black-2.jpg?v=1721819121,Rains Trail Rolltop Backpack Backpacks 01 Black,//www.rains.com/cdn/shop/files/Trail_Rolltop_Backpack-Backpacks-14320-01_Black-3.jpg?v=1721819122,Rains Trail Rolltop Backpack Backpacks 01 Black,Green / One Size,//www.rains.com/cdn/shop/files/Trail_Rolltop_Backpack-Backpacks-14320-03_Green-7.jpg?v=1721819151,Grey / One Size,//www.rains.com/cdn/shop/files/Trail_Rolltop_Backpack-Backpacks-14320-13_Grey-16.jpg?v=1721819151,Bay / One Size,//www.rains.com/cdn/shop/files/Trail_Rolltop_Backpack-Backpacks-14320-36_Bay-21.jpg?v=1721819589,Khaki / One Size,//www.rains.com/cdn/shop/files/Trail_Rolltop_Backpack-Backpacks-14320-44_Khaki-27.jpg?v=1721819589,,,,,,,,,,,,,,,,
Backpack Mini,Rains,https://www.rains.com//collections/bags/products/backpack-mini,80.0," Backpack Mini is a downscaled version of Backpack. Silhouette is characterized by its squared shape and flap with magnet snap fastenings.   This clean and ever contemporary rucksack features an internal laptop pocket, a spacious main compartment and a concealed external phone pocket on the back panel.    The laptop pocket fits a 13"" laptop with sleeve, making the squared backpack a perfect computer-ready staple for commuting on bike or by foot.    Backpack Mini is cut from Rains' signature PU fabric, engineered for carrying strength, durability and a smooth feel. ","Waterproof signature PU fabric
Flap with magnet snap fastenings
Single main compartment
External back zip pocket
Internal zip pocket
Flat pocket fits 13"" laptop
Adjustable shoulder straps",EUR,Black / One Size,//www.rains.com/cdn/shop/files/Backpack_Mini-Backpacks-13020-63_Rust-71.jpg?v=1721722165,Rains Backpack Mini Backpacks 63 Rust,//www.rains.com/cdn/shop/files/Backpack_Mini-Backpacks-13020-63_Rust-72.jpg?v=1721722165,Rains Backpack Mini Backpacks 47 Navy,//www.rains.com/cdn/shop/files/Backpack_Mini-Backpacks-13020-63_Rust-73.jpg?v=1721722165,Rains Backpack Mini Backpacks 03 Green,//www.rains.com/cdn/shop/files/Backpack_Mini-Backpacks-13020-63_Rust-74.jpg?v=1721722165,Rains Backpack Mini Backpacks 24 Sand,//www.rains.com/cdn/shop/files/Backpack_Mini-Backpacks-13020-75.jpg?v=1721722165,Rains Backpack Mini Backpacks 13 Grey,//www.rains.com/cdn/shop/files/Backpack_Mini-Backpacks-13020-63_Rust-76.png?v=1721722165,Rains Backpack Mini Backpacks 29 Night,//www.rains.com/cdn/shop/files/Backpack_Mini-Backpacks-13020-01_Black-5.jpg?v=1721721231,Rains Backpack Mini Backpacks 36 Bay,//www.rains.com/cdn/shop/files/Backpack_Mini-Backpacks-13020-01_Black-6.jpg?v=1721721231,Rains Backpack Mini Backpacks 37 Muse,//www.rains.com/cdn/shop/files/Backpack_Mini-Backpacks-13020-01_Black-7.jpg?v=1721721231,Rains Backpack Mini Backpacks 23 Frame,//www.rains.com/cdn/shop/files/Backpack_Mini-Backpacks-13020-01_Black-8.jpg?v=1721721231,Rains Backpack Mini Backpacks 63 Rust,Navy / One Size,//www.rains.com/cdn/shop/files/Backpack_Mini-Backpacks-13020-47_Navy-65.jpg?v=1721721615,Green / One Size,//www.rains.com/cdn/shop/files/Backpack_Mini-Backpacks-13020-03_Green-12.jpg?v=1721721256,Sand / One Size,//www.rains.com/cdn/shop/files/Backpack_Mini-Backpacks-13020-24_Sand-44.jpg?v=1721721564,Grey / One Size,//www.rains.com/cdn/shop/files/Backpack_Mini-Backpacks-13020-13_Grey-33.jpg?v=1721721256,Night / One Size,//www.rains.com/cdn/shop/files/Backpack_Mini-Backpacks-13020-29_Night-50.jpg?v=1721721595,Bay / One Size,//www.rains.com/cdn/shop/files/Backpack_Mini-Backpacks-13020-36_Bay-70.jpg?v=1722862477,Muse / One Size,//www.rains.com/cdn/shop/files/Backpack_Mini-Backpacks-13020-37_Muse-52.jpg?v=1721722165,Frame / One Size,//www.rains.com/cdn/shop/files/Backpack_Mini-Backpacks-13020-23_Frame-21.jpg?v=1721722164,Rust / One Size,//www.rains.com/cdn/shop/files/Backpack_Mini-Backpacks-13020-63_Rust-71.jpg?v=1721722165,Khaki / One Size,//www.rains.com/cdn/shop/files/Backpack_Mini-Backpacks-13020-44_Khaki-58.jpg?v=1721722165,Rains Backpack Mini Backpacks 44 Khaki,Dune / One Size,//www.rains.com/cdn/shop/files/Backpack_Mini-Backpacks-13020-26_Dune-34.jpg?v=1721722165,Rains Backpack Mini Backpacks 26 Dune
Rolltop Rucksack,Rains,https://www.rains.com//collections/bags/products/rolltop-rucksack,110.0," Rolltop Rucksack is a dependable city staple that's perfect for commutes on bike or foot. Characterized by a rolltop opening and cycle-ready features.   Rolltop Rucksack is carefully designed to keep precipitation out when traveling from point A to Z. To protect essentials from rain, fold the rolltop into a tight scroll and secure using the signature carabiner.    Open the rucksack to reveal a single main compartment. Exterior features include a side-access laptop pocket and a front pocket with coated zipper.    Cycle-ready features include a front D-ring -- ideal for holding bike locks -- and a buckle-fastened chest strap for a secure ride-proof fit.   Rolltop Rucksack is cut from Rains' signature PU fabric, engineered for carrying strength, durability and a smooth feel. ","Waterproof signature PU fabric 
Rolltop opening with snap compression and carabiner closure
Single main compartment
Front pocket with coated zip
Sideaccess slip pocket fits 16"" laptop
Padded airmesh back panel
Adjustable padded shoulder straps
Webbing carry handle
Adjustable chest strap",EUR,Black / One Size,//www.rains.com/cdn/shop/files/Rolltop_Rucksack-Backpacks-13320-29_Night-48.jpg?v=1721800503,Rains Rolltop Rucksack Backpacks 29 Night,//www.rains.com/cdn/shop/files/Rolltop_Rucksack-Backpacks-13320-29_Night-49.jpg?v=1721800503,Rains Rolltop Rucksack Backpacks 47 Navy,//www.rains.com/cdn/shop/files/Rolltop_Rucksack-Backpacks-13320-29_Night-50.jpg?v=1721800503,Rains Rolltop Rucksack Backpacks 03 Green,//www.rains.com/cdn/shop/files/Rolltop_Rucksack-Backpacks-13320-29_Night-51.jpg?v=1721800503,Rains Rolltop Rucksack Backpacks 24 Sand,//www.rains.com/cdn/shop/files/Rolltop_Rucksack-Backpacks-13320-29_Night-52.jpg?v=1721800504,Rains Rolltop Rucksack Backpacks 13 Grey,//www.rains.com/cdn/shop/files/Rolltop_Rucksack-Backpacks-13320-53.jpg?v=1721800504,Rains Rolltop Rucksack Backpacks 29 Night,//www.rains.com/cdn/shop/files/Rolltop_Rucksack-Backpacks-13320-29_Night-54.png?v=1721800555,Rains Rolltop Rucksack Backpacks 36 Bay,//www.rains.com/cdn/shop/files/Rolltop_Rucksack-Backpacks-13320-01_Black-5.jpg?v=1721800400,Rains Rolltop Rucksack Backpacks 37 Muse,//www.rains.com/cdn/shop/files/Rolltop_Rucksack-Backpacks-13320-01_Black-6.jpg?v=1721800399,Rains Rolltop Rucksack Backpacks 23 Frame,//www.rains.com/cdn/shop/files/Rolltop_Rucksack-Backpacks-13320-01_Black-7.jpg?v=1721800399,Rains Rolltop Rucksack Backpacks 63 Rust,Navy / One Size,//www.rains.com/cdn/shop/files/Rolltop_Rucksack-Backpacks-13320-47_Navy-61.jpg?v=1721800578,Green / One Size,//www.rains.com/cdn/shop/files/Rolltop_Rucksack-Backpacks-13320-03_Green-12.jpg?v=1721800419,Sand / One Size,//www.rains.com/cdn/shop/files/Rolltop_Rucksack-Backpacks-13320-24_Sand-41.jpg?v=1721800454,Grey / One Size,//www.rains.com/cdn/shop/files/Rolltop_Rucksack-Backpacks-13320-13_Grey-29.jpg?v=1721800437,Night / One Size,//www.rains.com/cdn/shop/files/Rolltop_Rucksack-Backpacks-13320-29_Night-48.jpg?v=1721800503,Bay / One Size,//www.rains.com/cdn/shop/files/Rolltop_Rucksack-Backpacks-13320-36_Bay-58.jpg?v=1722925754,Muse / One Size,//www.rains.com/cdn/shop/files/Rolltop_Rucksack-Backpacks-13320-37_Muse-53.jpg?v=1721801102,Frame / One Size,//www.rains.com/cdn/shop/files/Rolltop_Rucksack-Backpacks-13320-23_Frame-21.jpg?v=1721801102,Rust / One Size,//www.rains.com/cdn/shop/files/Rolltop_Rucksack-Backpacks-13320-63_Rust-71.jpg?v=1722847570,Khaki / One Size,//www.rains.com/cdn/shop/files/Rolltop_Rucksack-Backpacks-13320-44_Khaki-59.jpg?v=1721801102,Rains Rolltop Rucksack Backpacks 44 Khaki,Dune / One Size,//www.rains.com/cdn/shop/files/Rolltop_Rucksack-Backpacks-13320-26_Dune-34.jpg?v=1721801102,Rains Rolltop Rucksack Backpacks 26 Dune
